rank,title,recent_episode_rating,avg_rating,link
1,만취남녀,-,-,https://comic.naver.com/webtoon/list?titleId=846883
2,호랑이형님,-,-,https://comic.naver.com/webtoon/list?titleId=650305
3,시든 꽃에 눈물을,-,-,https://comic.naver.com/webtoon/list?titleId=827190
4,마도전생기,-,-,https://comic.naver.com/webtoon/list?titleId=807777
5,절대군림,-,-,https://comic.naver.com/webtoon/list?titleId=832677
6,오늘만 사는 기사,-,-,https://comic.naver.com/webtoon/list?titleId=824543
7,킬러 배드로,-,-,https://comic.naver.com/webtoon/list?titleId=816798
8,초인의 시대,-,-,https://comic.naver.com/webtoon/list?titleId=730694
9,데이워커,-,-,https://comic.naver.com/webtoon/list?titleId=828880
10,99강화나무몽둥이,-,-,https://comic.naver.com/webtoon/list?titleId=792651
11,아홉수 우리들,-,-,https://comic.naver.com/webtoon/list?titleId=724815
12,작전명 순정,-,-,https://comic.naver.com/webtoon/list?titleId=793275
13,디펜스 게임의 폭군이 되었다,-,-,https://comic.naver.com/webtoon/list?titleId=798182
14,종말에서 살아남기,-,-,https://comic.naver.com/webtoon/list?titleId=826321
15,멸망한 가문의 회귀자,-,-,https://comic.naver.com/webtoon/list?titleId=819946
16,망나니 소교주로 환생했다,-,-,https://comic.naver.com/webtoon/list?titleId=773796
17,용사파티만화,-,-,https://comic.naver.com/webtoon/list?titleId=842647
18,귀환했는데 입대 전날이다,-,-,https://comic.naver.com/webtoon/list?titleId=807393
19,둘째에게,-,-,https://comic.naver.com/webtoon/list?titleId=845711
20,중대장은 실망했다,-,-,https://comic.naver.com/webtoon/list?titleId=841639
21,연애지옥,-,-,https://comic.naver.com/webtoon/list?titleId=846650
22,나이트런,-,-,https://comic.naver.com/webtoon/list?titleId=64997
23,나를 바꿔줘,-,-,https://comic.naver.com/webtoon/list?titleId=733280
24,르르르,-,-,https://comic.naver.com/webtoon/list?titleId=844505
25,플레이어가 과거를 숨김,-,-,https://comic.naver.com/webtoon/list?titleId=811707
26,반에 꼭 있는 애,-,-,https://comic.naver.com/webtoon/list?titleId=841501
27,사천패왕,-,-,https://comic.naver.com/webtoon/list?titleId=846570
28,지옥도시,-,-,https://comic.naver.com/webtoon/list?titleId=842093
29,스터디그룹,-,-,https://comic.naver.com/webtoon/list?titleId=721948
30,황제의 검,-,-,https://comic.naver.com/webtoon/list?titleId=813443
31,탐:공포단편,-,-,https://comic.naver.com/webtoon/list?titleId=846556
32,억만무림,-,-,https://comic.naver.com/webtoon/list?titleId=845867
33,철과 얼음의 여정,-,-,https://comic.naver.com/webtoon/list?titleId=846781
34,연애 못하면 죽음!,-,-,https://comic.naver.com/webtoon/list?titleId=846662
35,모발 구독 서비스,-,-,https://comic.naver.com/webtoon/list?titleId=841249
36,장인의 거리,-,-,https://comic.naver.com/webtoon/list?titleId=847612
37,환생했더니 대공의 셋째 아들,-,-,https://comic.naver.com/webtoon/list?titleId=845380
38,꽤애액,-,-,https://comic.naver.com/webtoon/list?titleId=847483
39,집구석 절대자,-,-,https://comic.naver.com/webtoon/list?titleId=834351
40,왕의 힘으로 회귀한다,-,-,https://comic.naver.com/webtoon/list?titleId=817958
41,야매 힐러로 사는 법,-,-,https://comic.naver.com/webtoon/list?titleId=808757
42,시한복권,-,-,https://comic.naver.com/webtoon/list?titleId=839588
43,윌유메리미,-,-,https://comic.naver.com/webtoon/list?titleId=616239
44,멸망한 세계의 취사병,-,-,https://comic.naver.com/webtoon/list?titleId=818409
45,오브차카,-,-,https://comic.naver.com/webtoon/list?titleId=846365
46,나를 미워하던 남편이 기억을 잃었다,-,-,https://comic.naver.com/webtoon/list?titleId=816614
47,마님이네 미국 시골집 이야기,-,-,https://comic.naver.com/webtoon/list?titleId=814048
48,저궤도인간,-,-,https://comic.naver.com/webtoon/list?titleId=840510
49,특성 쌓는 김전사,-,-,https://comic.naver.com/webtoon/list?titleId=832562
50,탑아이돌의 막내 멤버가 되었다,-,-,https://comic.naver.com/webtoon/list?titleId=819748
51,과학고 생존일지,-,-,https://comic.naver.com/webtoon/list?titleId=841608
52,어글리후드,-,-,https://comic.naver.com/webtoon/list?titleId=703630
53,냥냥찍찍!,-,-,https://comic.naver.com/webtoon/list?titleId=844952
54,문양전,-,-,https://comic.naver.com/webtoon/list?titleId=841762
55,마수 사냥꾼이 살아가는 법,-,-,https://comic.naver.com/webtoon/list?titleId=848239
56,나의 구원이,-,-,https://comic.naver.com/webtoon/list?titleId=833415
57,"다비, 아찔하게 흐르는",-,-,https://comic.naver.com/webtoon/list?titleId=796252
58,위탁가족!,-,-,https://comic.naver.com/webtoon/list?titleId=840736
59,K학원 생존기,-,-,https://comic.naver.com/webtoon/list?titleId=823190
60,고고농구,-,-,https://comic.naver.com/webtoon/list?titleId=845463
61,공유몽,-,-,https://comic.naver.com/webtoon/list?titleId=729047
62,세상에 나쁜 용사는 없다,-,-,https://comic.naver.com/webtoon/list?titleId=833358
63,조은학생,-,-,https://comic.naver.com/webtoon/list?titleId=835189
64,사신님과 3년 계약,-,-,https://comic.naver.com/webtoon/list?titleId=847850
65,설탕에 곁들인 로맨스,-,-,https://comic.naver.com/webtoon/list?titleId=840179
66,내 남자친구는 고양이다옹,-,-,https://comic.naver.com/webtoon/list?titleId=846330
67,차라리 빌런으로 살겠다,-,-,https://comic.naver.com/webtoon/list?titleId=842601
68,용사 출연 마왕 연출,-,-,https://comic.naver.com/webtoon/list?titleId=847812
69,오사카 환상선,-,-,https://comic.naver.com/webtoon/list?titleId=838885
70,천 살 연하 황제가 집착한다,-,-,https://comic.naver.com/webtoon/list?titleId=821378
71,복수를 위한 결혼동맹,-,-,https://comic.naver.com/webtoon/list?titleId=794161
72,로스트 미디어샵 아코드,-,-,https://comic.naver.com/webtoon/list?titleId=844728
73,스쿨 오브 스트릿,-,-,https://comic.naver.com/webtoon/list?titleId=822642
74,신이 되겠다,-,-,https://comic.naver.com/webtoon/list?titleId=826667
75,당신의 용서를 구합니다,-,-,https://comic.naver.com/webtoon/list?titleId=835063
76,마왕의 채널,-,-,https://comic.naver.com/webtoon/list?titleId=845026
77,이계진입 리로디드,-,-,https://comic.naver.com/webtoon/list?titleId=793553
78,들개전쟁,-,-,https://comic.naver.com/webtoon/list?titleId=846820
79,빅 샤이닝,-,-,https://comic.naver.com/webtoon/list?titleId=847913
80,토끼 여주의 새엄마가 되었다,-,-,https://comic.naver.com/webtoon/list?titleId=823776
81,용사참수인,-,-,https://comic.naver.com/webtoon/list?titleId=783590
82,마왕 마석호,-,-,https://comic.naver.com/webtoon/list?titleId=842699
83,펫로스클럽,-,-,https://comic.naver.com/webtoon/list?titleId=842838
84,말없는 전학생,-,-,https://comic.naver.com/webtoon/list?titleId=839102
85,우리집에 온 여우들,-,-,https://comic.naver.com/webtoon/list?titleId=837101
86,나만 최강 초월자,-,-,https://comic.naver.com/webtoon/list?titleId=827423
87,배고픈 새가 일찍 일어난다,-,-,https://comic.naver.com/webtoon/list?titleId=848896
88,꿈의 엔트리,-,-,https://comic.naver.com/webtoon/list?titleId=843001
89,짝사랑을 망치고 싶어,-,-,https://comic.naver.com/webtoon/list?titleId=841562
90,그 냉장고 안에서는,-,-,https://comic.naver.com/webtoon/list?titleId=843427
91,동경,-,-,https://comic.naver.com/webtoon/list?titleId=842624
92,DARK MOON: 두 개의 달,-,-,https://comic.naver.com/webtoon/list?titleId=843898
93,은애하는 도적님아,-,-,https://comic.naver.com/webtoon/list?titleId=846074
94,모두가 날 싫어한다,-,-,https://comic.naver.com/webtoon/list?titleId=843426
95,사운즈 라이크,-,-,https://comic.naver.com/webtoon/list?titleId=833041
96,동그란 그녀와 소심한 그 남자,-,-,https://comic.naver.com/webtoon/list?titleId=812156
97,또다시 열일곱,-,-,https://comic.naver.com/webtoon/list?titleId=811634
98,썩어도 혈육,-,-,https://comic.naver.com/webtoon/list?titleId=842395
99,이매망량,-,-,https://comic.naver.com/webtoon/list?titleId=819506
100,한판,-,-,https://comic.naver.com/webtoon/list?titleId=828310
101,멸망으로 시작하는! 근미래 생존법,-,-,https://comic.naver.com/webtoon/list?titleId=811255
102,너랑 걷는 개 좋아,-,-,https://comic.naver.com/webtoon/list?titleId=836908
103,청춘 관찰기,-,-,https://comic.naver.com/webtoon/list?titleId=844048
104,클리셰클럽,-,-,https://comic.naver.com/webtoon/list?titleId=838958
105,"킬러와 여고생, 그리고 개",-,-,https://comic.naver.com/webtoon/list?titleId=839282
106,세이브 디 어스!,-,-,https://comic.naver.com/webtoon/list?titleId=840092
107,데이팅 캣,-,-,https://comic.naver.com/webtoon/list?titleId=814039
108,괴력 난신,-,-,https://comic.naver.com/webtoon/list?titleId=821597
109,절대회귀,-,-,https://comic.naver.com/webtoon/list?titleId=828715
110,오! 나의 교주님,-,-,https://comic.naver.com/webtoon/list?titleId=841624
111,김부장,-,-,https://comic.naver.com/webtoon/list?titleId=783053
112,예쁨 컬렉션,-,-,https://comic.naver.com/webtoon/list?titleId=844519
113,신입사원 김철수,-,-,https://comic.naver.com/webtoon/list?titleId=812594
114,벙커의 낮,-,-,https://comic.naver.com/webtoon/list?titleId=846643
115,마음의소리(였던 것),-,-,https://comic.naver.com/webtoon/list?titleId=821793
116,회귀한 용병은 다 계획이 있다,-,-,https://comic.naver.com/webtoon/list?titleId=832557
117,이섭의 연애,-,-,https://comic.naver.com/webtoon/list?titleId=813454
118,천씨세가의 망나니가 되었다,-,-,https://comic.naver.com/webtoon/list?titleId=847541
119,엄마를 만나러 가는 길,-,-,https://comic.naver.com/webtoon/list?titleId=834369
120,우렉 마지노,-,-,https://comic.naver.com/webtoon/list?titleId=838432
