순위,제목,최근화_별점,평균_별점,링크
1,만남어플 중독,-,-,https://comic.naver.com/webtoon/list?titleId=839004
2,나노마신,-,-,https://comic.naver.com/webtoon/list?titleId=747271
3,마흔 즈음에,-,-,https://comic.naver.com/webtoon/list?titleId=836052
4,재벌집 막내아들,-,-,https://comic.naver.com/webtoon/list?titleId=800770
5,소꿉친구 컴플렉스,-,-,https://comic.naver.com/webtoon/list?titleId=822640
6,별 거 아니겠지,-,-,https://comic.naver.com/webtoon/list?titleId=839544
7,게임 속 바바리안으로 살아남기,-,-,https://comic.naver.com/webtoon/list?titleId=808482
8,천마육성,-,-,https://comic.naver.com/webtoon/list?titleId=776255
9,무사만리행,-,-,https://comic.naver.com/webtoon/list?titleId=746857
10,"풍작이에요, 마왕님!",-,-,https://comic.naver.com/webtoon/list?titleId=837486
11,마음의소리(였던 것),-,-,https://comic.naver.com/webtoon/list?titleId=821793
12,먹는 인생2,-,-,https://comic.naver.com/webtoon/list?titleId=845271
13,"송이연 50살, 이혼 한 달 차",-,-,https://comic.naver.com/webtoon/list?titleId=835206
14,작두,-,-,https://comic.naver.com/webtoon/list?titleId=828294
15,오늘의 한요일은 여자다,-,-,https://comic.naver.com/webtoon/list?titleId=837504
16,이세계 캠핑으로 힐링 라이프,-,-,https://comic.naver.com/webtoon/list?titleId=823971
17,종말에서 살아남기,-,-,https://comic.naver.com/webtoon/list?titleId=826321
18,현실퀘스트,-,-,https://comic.naver.com/webtoon/list?titleId=783888
19,국정원 말단직원,-,-,https://comic.naver.com/webtoon/list?titleId=847892
20,구세라,-,-,https://comic.naver.com/webtoon/list?titleId=834421
21,사내연애 사절!,-,-,https://comic.naver.com/webtoon/list?titleId=814512
22,나 혼자 네크로맨서,-,-,https://comic.naver.com/webtoon/list?titleId=780170
23,도나츠와 서커스,-,-,https://comic.naver.com/webtoon/list?titleId=844787
24,정글쥬스,-,-,https://comic.naver.com/webtoon/list?titleId=762279
25,내향남녀,-,-,https://comic.naver.com/webtoon/list?titleId=812629
26,대마법사 커리큘럼,-,-,https://comic.naver.com/webtoon/list?titleId=844951
27,회귀한 천재 헌터의 슬기로운 청소생활,-,-,https://comic.naver.com/webtoon/list?titleId=796827
28,당신의 살인을 위하여,-,-,https://comic.naver.com/webtoon/list?titleId=836066
29,백투더찬비,-,-,https://comic.naver.com/webtoon/list?titleId=826322
30,쿠베라,-,-,https://comic.naver.com/webtoon/list?titleId=131385
31,별정직 공무원,-,-,https://comic.naver.com/webtoon/list?titleId=826341
32,이과장 생존기,-,-,https://comic.naver.com/webtoon/list?titleId=847568
33,시한부 천재 암흑기사,-,-,https://comic.naver.com/webtoon/list?titleId=809625
34,폐급연애,-,-,https://comic.naver.com/webtoon/list?titleId=843473
35,최강전설 강해효,-,-,https://comic.naver.com/webtoon/list?titleId=570506
36,사시미 한 자루로 아카데미를 씹어먹음,-,-,https://comic.naver.com/webtoon/list?titleId=829875
37,쓰레기의 법칙,-,-,https://comic.naver.com/webtoon/list?titleId=835809
38,김오진과 이상한 동물들,-,-,https://comic.naver.com/webtoon/list?titleId=838262
39,안녕 오목눈이 그리핀!,-,-,https://comic.naver.com/webtoon/list?titleId=840358
40,배드 본 블러드,-,-,https://comic.naver.com/webtoon/list?titleId=833388
41,전직용병의 검사생활,-,-,https://comic.naver.com/webtoon/list?titleId=840147
42,게임 최강 트롤러,-,-,https://comic.naver.com/webtoon/list?titleId=801698
43,언더복서,-,-,https://comic.naver.com/webtoon/list?titleId=842449
44,천재 회사원이 선넘으면 생기는일,-,-,https://comic.naver.com/webtoon/list?titleId=840902
45,죽여주는 옆집 남자,-,-,https://comic.naver.com/webtoon/list?titleId=847535
46,종이호랑이,-,-,https://comic.naver.com/webtoon/list?titleId=833489
47,모두가 그녀를 사랑해,-,-,https://comic.naver.com/webtoon/list?titleId=837586
48,최서연의 회피한 날들,-,-,https://comic.naver.com/webtoon/list?titleId=842345
49,공작가의 남장 하인이 되었다,-,-,https://comic.naver.com/webtoon/list?titleId=834512
50,천만배우의 딸이 되었다,-,-,https://comic.naver.com/webtoon/list?titleId=844390
51,고고밍밍고,-,-,https://comic.naver.com/webtoon/list?titleId=841824
52,최강의 로맨티스트,-,-,https://comic.naver.com/webtoon/list?titleId=847996
53,용사 카리엘,-,-,https://comic.naver.com/webtoon/list?titleId=841236
54,복학생,-,-,https://comic.naver.com/webtoon/list?titleId=839284
55,신의 요리,-,-,https://comic.naver.com/webtoon/list?titleId=838183
56,마왕까지 한 걸음,-,-,https://comic.naver.com/webtoon/list?titleId=776668
57,소심한 호랭이 코코,-,-,https://comic.naver.com/webtoon/list?titleId=825415
58,규격 외 혈통 천재,-,-,https://comic.naver.com/webtoon/list?titleId=798331
59,저승침공,-,-,https://comic.naver.com/webtoon/list?titleId=845946
60,특급 계약 결혼의 말로,-,-,https://comic.naver.com/webtoon/list?titleId=839392
61,문과X이과,-,-,https://comic.naver.com/webtoon/list?titleId=839913
62,휴먼 웨어러블,-,-,https://comic.naver.com/webtoon/list?titleId=845460
63,킬더킹,-,-,https://comic.naver.com/webtoon/list?titleId=670145
64,지는 쪽이 영부인,-,-,https://comic.naver.com/webtoon/list?titleId=839343
65,소소한 기행,-,-,https://comic.naver.com/webtoon/list?titleId=835194
66,판타지 입소대,-,-,https://comic.naver.com/webtoon/list?titleId=845515
67,이세계 싱글대디,-,-,https://comic.naver.com/webtoon/list?titleId=840880
68,독방의 글쓴이,-,-,https://comic.naver.com/webtoon/list?titleId=842213
69,김 대리는 아이돌이 싫어,-,-,https://comic.naver.com/webtoon/list?titleId=842974
70,살아야 죽는 남자,-,-,https://comic.naver.com/webtoon/list?titleId=839582
71,경계선,-,-,https://comic.naver.com/webtoon/list?titleId=838217
72,컬러리스트,-,-,https://comic.naver.com/webtoon/list?titleId=844352
73,본능적인 청혼,-,-,https://comic.naver.com/webtoon/list?titleId=843872
74,엄청 소환된 건에 대하여,-,-,https://comic.naver.com/webtoon/list?titleId=831606
75,마리오네타,-,-,https://comic.naver.com/webtoon/list?titleId=829142
76,짐승같은 것들,-,-,https://comic.naver.com/webtoon/list?titleId=835925
77,흑역사가 역주행한다,-,-,https://comic.naver.com/webtoon/list?titleId=836568
78,히든클래스 중력자로 최강을 노린다,-,-,https://comic.naver.com/webtoon/list?titleId=817369
79,이상한 나라의 솔,-,-,https://comic.naver.com/webtoon/list?titleId=841150
80,염매,-,-,https://comic.naver.com/webtoon/list?titleId=840593
81,학생만 하면 안 될까요?,-,-,https://comic.naver.com/webtoon/list?titleId=817631
82,미모사,-,-,https://comic.naver.com/webtoon/list?titleId=842646
83,수사9단0,-,-,https://comic.naver.com/webtoon/list?titleId=832244
84,작성자OO,-,-,https://comic.naver.com/webtoon/list?titleId=844981
85,어느 날 갑자기 최애가 생겼다,-,-,https://comic.naver.com/webtoon/list?titleId=837424
86,티라노 노경수,-,-,https://comic.naver.com/webtoon/list?titleId=837631
87,길티액스,-,-,https://comic.naver.com/webtoon/list?titleId=777830
88,별의별 지X은,-,-,https://comic.naver.com/webtoon/list?titleId=843918
89,추억이 찾아오는 가게,-,-,https://comic.naver.com/webtoon/list?titleId=827328
90,수사중 연애금지!,-,-,https://comic.naver.com/webtoon/list?titleId=846335
91,풀 보이,-,-,https://comic.naver.com/webtoon/list?titleId=838513
92,대단한 빈센트,-,-,https://comic.naver.com/webtoon/list?titleId=841916
93,유월의 소한,-,-,https://comic.naver.com/webtoon/list?titleId=796492
94,2차전직 스킵용사,-,-,https://comic.naver.com/webtoon/list?titleId=820569
95,누가 어른 되면 다 된댔어?,-,-,https://comic.naver.com/webtoon/list?titleId=823779
96,내 어디가 좋아?,-,-,https://comic.naver.com/webtoon/list?titleId=843042
97,아이캣치유,-,-,https://comic.naver.com/webtoon/list?titleId=843460
98,최강 매니저,-,-,https://comic.naver.com/webtoon/list?titleId=840894
99,내가 싫어하는 남자친구,-,-,https://comic.naver.com/webtoon/list?titleId=833420
100,랭커랑 연애가능,-,-,https://comic.naver.com/webtoon/list?titleId=834555
101,내 여자친구는 이세계 용사?!,-,-,https://comic.naver.com/webtoon/list?titleId=827902
102,광마회귀,-,-,https://comic.naver.com/webtoon/list?titleId=776601
103,역대급 영지 설계사,-,-,https://comic.naver.com/webtoon/list?titleId=777767
104,오! 나의 교주님,-,-,https://comic.naver.com/webtoon/list?titleId=841624
105,외모지상주의,-,-,https://comic.naver.com/webtoon/list?titleId=641253
106,나 혼자 만렙 뉴비,-,-,https://comic.naver.com/webtoon/list?titleId=773797
107,상남자,-,-,https://comic.naver.com/webtoon/list?titleId=751168
108,사신,-,-,https://comic.naver.com/webtoon/list?titleId=799837
109,나 혼자 탑에서 농사,-,-,https://comic.naver.com/webtoon/list?titleId=808389
110,네가 사는 그 집,-,-,https://comic.naver.com/webtoon/list?titleId=842465
111,그리디,-,-,https://comic.naver.com/webtoon/list?titleId=845919
112,천하제일 대사형,-,-,https://comic.naver.com/webtoon/list?titleId=802278
113,아카데미에서 살아남기,-,-,https://comic.naver.com/webtoon/list?titleId=820097
114,1초,-,-,https://comic.naver.com/webtoon/list?titleId=725586
115,문제적 왕자님,-,-,https://comic.naver.com/webtoon/list?titleId=800046
116,두 얼굴,-,-,https://comic.naver.com/webtoon/list?titleId=845646
117,천중용문,-,-,https://comic.naver.com/webtoon/list?titleId=835116
118,신마 환생,-,-,https://comic.naver.com/webtoon/list?titleId=843194
119,로맨스 저주,-,-,https://comic.naver.com/webtoon/list?titleId=834035
120,악당들의 후원자가 되었다,-,-,https://comic.naver.com/webtoon/list?titleId=844063
